response_id,responded_at,email,first_name,last_name,nickname,date_of_birth,university,graduation_class,hometown,majors,scheduling,interests,interest_adventure,interest_arts,interest_business,interest_public,interest_stem,personal_computer,operating_system,operating_system_usage_windows,operating_system_usage_mac,operating_system_usage_ios,operating_system_usage_android,website_experience,meetup_comfort
0,2015-09-03 18:55:01 -0400,alyce.howe@gmail.com,Alyce,Howe,,1998,North Lynch,Sophomore,"West Dedricburgh, Tanzania",Information Systems,,Quisquam eum dolorum ut animi a. Est impedit consequuntur laudantium nam. Ab architecto aliquid quibusdam quo velit ullam quia. Qui et architecto praesentium ipsum.,1,1,1,0,0,1,Other,1,1,1,1,0,Sounds scary
1,2015-08-31 14:03:47 -0400,curt_kshlerin@hotmail.com,Curt,Kshlerin,,1999,West Illinois College,Graduate,"North Wava, Moldova",Information Systems,,Assumenda totam voluptatem qui. Reiciendis sed nihil et sint in nesciunt quod. Est voluptates qui enim animi iste. Ex commodi qui dolorum vitae. Odit dolor architecto ut suscipit ipsa quia inventore.,0,0,0,0,0,1,Windows OS,1,1,0,1,1,Sounds fine
2,2015-09-08 15:44:00 -0400,block.carley@hotmail.com,Carley,Block,,1998,Pfannerstill Academy,Senior,"Port Heber, Greenland",Engineering,,Perspiciatis quidem delectus repellat ut possimus repellendus. Voluptates nisi ut ipsa vero deserunt at est. Maiores cumque molestias fugiat odit qui. Id vel consequatur. Vel a molestiae placeat excepturi quae.,1,0,0,1,0,1,Windows OS,1,1,0,1,1,Sounds fine
3,2015-09-03 16:55:39 -0400,aufderhar_mozelle@yahoo.com,Mozelle,Aufderhar,,1998,The Bruen Academy,Alumni,"Geoffreymouth, Australia",Engineering,,Nihil quis dolor tempore. Voluptatem fuga totam aut omnis eaque dicta qui. Ut fuga ex facilis pariatur sunt omnis non.,1,0,0,0,0,1,Windows OS,1,1,1,1,0,Sounds scary
4,2015-09-02 18:15:10 -0400,lily.stiedemann@yahoo.com,Lily,Stiedemann,,2000,Lowe University,Freshman,"North Carlofort, New Caledonia",Engineering,,Ut sed necessitatibus incidunt quaerat quibusdam reiciendis. Temporibus optio quisquam et rerum sapiente sit qui. Ut qui illum libero repudiandae. Quo non sit asperiores et. Numquam dolorum commodi tempore laboriosam.,1,1,1,0,1,1,Mac OS,1,1,0,1,0,Sounds fine
5,2015-08-31 19:13:56 -0400,elijah.luettgen@gmail.com,Elijah,Luettgen,Flexidy,1999,Wolf College,Sophomore,"Port Lorenzomouth, Swaziland",Other,,Ut et quaerat ad qui corrupti ducimus cupiditate. Voluptatem ratione consequatur quo. Accusamus magni sit officia voluptatem. Numquam distinctio aut soluta.,1,1,0,0,1,1,Windows OS,1,1,1,0,1,Sounds scary
6,2015-09-01 01:38:08 -0400,andres.beahan@yahoo.com,Andres,Beahan,,1999,West Schmeler,Sophomore,"Jastbury, Suriname",Engineering,,Sit veritatis sunt eligendi consequuntur. Ullam veniam et nisi ut. Quibusdam ex aut minus labore nostrum laboriosam sapiente. Dignissimos sint quibusdam laboriosam voluptatem. Non eum pariatur tenetur sunt explicabo corrupti.,1,0,0,0,0,1,Windows OS,1,0,0,0,1,Sounds fine
7,2015-09-08 06:28:07 -0400,nelle_nader@yahoo.com,Nelle,Nader,,2000,Eastern Toy,Alumni,"East Huberttown, Kazakhstan",Information Systems,,A voluptas nihil doloribus magni sit sed voluptatem. Eius est quia quisquam hic laborum modi dolores. Ratione repellendus reprehenderit tempora et sed consequatur. Omnis quia sed aliquid sequi possimus qui aliquam.,1,1,1,0,0,1,Windows OS,1,1,0,1,0,Sounds fine
8,2015-09-01 06:54:46 -0400,maggio_rahsaan@gmail.com,Rahsaan,Maggio,,1997,Rice College,Junior,"Kiannafurt, Guernsey",Engineering,,Non beatae suscipit eum maxime quasi numquam et. Ipsam rerum rerum quasi. Debitis accusantium veniam aperiam aut commodi ipsam. Doloribus eos voluptas consequatur. Odit quos aut consectetur nostrum illo et et.,0,0,0,0,0,1,Mac OS,0,1,0,0,0,Sounds scary
9,2015-09-01 21:50:02 -0400,lebsack.gideon@gmail.com,Gideon,Lebsack,,2000,West Durgan Academy,Junior,"Winifredmouth, Sweden",Information Systems,,Unde autem et molestiae quaerat tempore. Officia aut iure. Tempore suscipit aut error quaerat iusto quidem. Dolor ad occaecati est qui maiores aut.,1,1,1,0,0,1,Mac OS,1,1,1,1,1,Sounds scary
10,2015-09-04 11:13:35 -0400,william_tillman@yahoo.com,William,Tillman,,1999,West Academy,Freshman,"Lake Raphaelle, Burundi",Engineering,,Dolores enim mollitia ducimus accusantium quis ipsa. Odio consequatur quam ea qui. Sed voluptatem vel ut. Temporibus et facilis nostrum eius excepturi totam.,1,1,0,0,1,1,Windows OS,1,1,0,1,1,Sounds scary
11,2015-08-31 11:32:24 -0400,genesis.swift@yahoo.com,Genesis,Swift,Aerified,2000,Northern Delaware Academy,Alumni,"East Waldo, New Zealand",Information Systems,conflict_before,Id officiis et repudiandae vitae cum. Dolorem alias id nam nihil neque. Neque qui laudantium rerum voluptate corporis quia blanditiis.,1,1,0,0,0,1,Mac OS,0,0,1,0,1,Sounds fine
12,2015-08-31 16:16:52 -0400,susie_jacobson@hotmail.com,Susie,Jacobson,Vagram,2000,West Virginia University,Junior,"North Carolannestad, Pitcairn Islands",Engineering,,Sit omnis voluptatem. Et quia est iusto dolorum. Culpa corporis autem quis numquam ducimus non non. Possimus quo eos et provident error.,0,1,0,0,1,1,Windows OS,1,1,0,1,0,Sounds scary
13,2015-09-05 14:52:12 -0400,art.osinski@hotmail.com,Art,Osinski,,2000,Southern Virginia College,Alumni,"South Elisha, Democratic People's Republic of Korea",Information Systems,,Quas pariatur inventore. Sed illo officiis. Dolorem incidunt vel at a vel facilis. Corrupti ut ut. Eos ab asperiores.,1,0,0,0,0,1,Windows OS,1,1,1,1,1,Sounds scary
14,2015-08-31 13:34:13 -0400,haag_forest@gmail.com,Forest,Haag,,2000,West Georgia Academy,Sophomore,"Pfannerstillton, Lesotho",Information Systems,,Voluptate voluptatem illum est. Deleniti vero suscipit ea ipsa officia. Cumque laudantium veniam rerum facilis architecto dolorem. Ut quae sunt ut impedit ut tenetur inventore.,1,1,0,1,0,1,Mac OS,1,1,1,0,1,Sounds fine
15,2015-09-02 12:21:11 -0400,francesco_nitzsche@yahoo.com,Francesco,Nitzsche,,1999,Southern Cormier,Senior,"Arvillaport, Australia",Engineering,,Fuga magnam repudiandae totam perspiciatis dicta. Ipsam autem ad quia nulla velit occaecati amet. Repudiandae cum quaerat.,1,1,1,0,1,1,Windows OS,1,1,1,1,1,Sounds fine
16,2015-09-08 10:35:43 -0400,ratke.leanne@yahoo.com,Leanne,Ratke,,1999,Western Emard,Graduate,"Baumbachstad, Bahrain",Information Systems,,Molestiae quis ratione pariatur aliquid modi soluta quia. Incidunt quia debitis tempora earum ut. Laboriosam labore quam est dignissimos. Nesciunt distinctio quaerat est sed.,1,1,0,0,0,1,Mac OS,1,0,1,0,1,Sounds fine
17,2015-09-02 08:59:57 -0400,jocelyn.feeney@hotmail.com,Jocelyn,Feeney,,2000,Western Cummings University,Sophomore,"Jackelineberg, Cambodia",Finance,,Sed eum sunt consequuntur aut consequatur. Dolore velit fugit sit error omnis delectus. Blanditiis deleniti tempore. Cupiditate et ut et ut iure voluptatem et.,0,0,1,0,0,1,Windows OS,1,0,1,0,0,Sounds fine
18,2015-09-07 14:55:26 -0400,krystina.mayer@yahoo.com,Krystina,Mayer,Wrapsafe,1998,The Price Institute,Junior,"Dachfurt, United Kingdom",Marketing,,Et illum et magnam officiis autem. Aut nesciunt ad. Qui molestias quae velit sed quod. Perspiciatis sequi ipsa dolorem tenetur provident nobis.,1,1,1,0,0,1,Mac OS,1,1,0,1,0,Sounds fine
19,2015-09-05 01:43:33 -0400,effertz_harmon@yahoo.com,Harmon,Effertz,,1999,Flatley Institute,Junior,"South Michelle, Israel",Information Systems,,Accusamus nostrum cumque nam unde aut illo. Aut est soluta inventore error. Officiis deleniti modi officia voluptatibus ad odit dicta. Ullam iusto dolorum sequi rerum.,1,0,0,0,0,1,Mac OS,1,0,0,1,1,Sounds fine
20,2015-09-06 15:23:42 -0400,cullen_bernhard@yahoo.com,Cullen,Bernhard,,1999,South Kris University,Senior,"Stoltenbergburgh, Singapore",Marketing,,Quaerat consequuntur voluptas et enim eum. Omnis quae autem magni et laudantium quisquam. Illo accusamus perferendis est. Est et facilis est numquam voluptates doloribus.,0,1,0,0,0,1,Windows OS,0,1,0,1,1,Sounds fine
21,2015-08-31 20:07:45 -0400,lela.aufderhar@gmail.com,Lela,Aufderhar,,1998,East Vermont College,Senior,"East Oswaldohaven, Cape Verde",Marketing,,Aut vel labore soluta quia et facilis. Rerum enim asperiores. Quia officia accusamus placeat soluta. Culpa quidem est voluptas consectetur accusantium.,1,1,0,0,0,1,Mac OS,1,0,0,0,1,Sounds fine
22,2015-09-06 05:58:54 -0400,odell.dickens@yahoo.com,Odell,Dickens,,1997,Little College,Sophomore,"Schummview, Sri Lanka",Information Systems,,Ad ut cum vero suscipit quaerat. Vero at qui esse. Eum maiores dolorem molestiae et sunt. Porro possimus praesentium quo delectus ullam.,1,0,1,1,1,1,Mac OS,1,1,1,1,0,Sounds scary
23,2015-09-08 12:21:31 -0400,mayert_nolan@gmail.com,Nolan,Mayert,,1997,Western Lakin,Sophomore,"South Rick, Puerto Rico",Information Systems,,Magni ut voluptatibus nisi qui voluptates ab. Ullam aut delectus. Aut dicta laboriosam dolores odio. Alias blanditiis perferendis commodi repellendus. Autem quae et excepturi unde consequatur.,1,1,0,0,0,1,Windows OS,1,1,0,1,1,Sounds scary
24,2015-09-07 15:23:02 -0400,tromp.shanel@yahoo.com,Shanel,Tromp,Y-find,1998,Northern North Carolina Academy,Graduate,"Lake Buddy, Martinique",Information Systems,,Maiores debitis eos aliquam accusantium quaerat autem voluptates. Ipsa occaecati aspernatur. Beatae maiores sequi eligendi. Nemo sed blanditiis eos placeat at eveniet aspernatur.,0,0,0,1,1,1,Mac OS,1,1,1,1,0,Sounds fine
25,2015-09-02 09:43:27 -0400,claudie.hudson@hotmail.com,Claudie,Hudson,Keylex,2000,Luettgen University,Senior,"East Monique, El Salvador",Information Systems,conflict_before,Ut eum excepturi inventore qui incidunt delectus. Molestiae cum illum dignissimos ut aut similique incidunt. Ipsa odio nisi libero laudantium esse similique. Ipsum quos ad deleniti maxime reprehenderit.,0,1,0,0,1,1,Windows OS,0,1,1,0,0,Sounds scary
26,2015-09-08 22:06:27 -0400,kozey_presley@hotmail.com,Presley,Kozey,Zoolab,1997,West Herzog Academy,Graduate,"East Hassieberg, Slovenia",Engineering,,Et ullam eos nesciunt est ipsum est laborum. Tempora qui voluptatem. Officiis sit qui et qui exercitationem amet. Et consectetur ducimus. Quia omnis accusamus velit voluptatem.,1,1,0,0,0,1,Mac OS,1,1,1,1,1,Sounds scary
27,2015-09-08 11:06:23 -0400,rachelle.gutkowski@gmail.com,Rachelle,Gutkowski,,1997,Vandervort Institute,Sophomore,"New Myrl, Tonga",Engineering,,Natus quos minima sed. Quas consequatur repellat est hic delectus earum velit. Modi voluptas doloribus perspiciatis minus. Molestiae soluta id eligendi. Quis aut omnis iure natus.,1,0,0,0,0,1,Mac OS,0,0,0,1,1,Sounds fine
28,2015-09-04 20:29:38 -0400,zemlak.helga@hotmail.com,Helga,Zemlak,,1999,North Arkansas College,Junior,"North Genovevaville, Cayman Islands",Engineering,,Nemo fugiat rerum quisquam tempore enim perferendis rerum. Eum distinctio optio minima dolorum ipsam blanditiis atque. Aut nulla eligendi fugiat. Vitae et minus vel possimus in qui. Porro atque quis ut eos velit sint.,1,1,0,0,0,1,Windows OS,1,1,0,1,1,Sounds scary
29,2015-09-07 05:28:39 -0400,o.conner.alfreda@hotmail.com,Alfreda,O'Conner,,1998,South Abbott,Graduate,"Yasmeenborough, Palestinian Territory",Engineering,,Sit quibusdam rerum nostrum consectetur molestiae quia sed. Blanditiis eum non cupiditate accusamus at aut ut. Porro autem quaerat voluptatem recusandae.,1,0,1,0,1,1,Mac OS,0,1,0,1,1,Sounds scary
30,2015-09-01 11:38:23 -0400,elissa_halvorson@hotmail.com,Elissa,Halvorson,,1997,The Runolfsdottir Institute,Alumni,"Jasonfort, Madagascar",Engineering,,Velit veniam modi ad laboriosam. Autem asperiores voluptas ex voluptas sapiente. Repudiandae et deserunt et praesentium. Consequatur qui et.,1,0,0,0,0,1,Mac OS,1,1,1,1,1,Sounds fine
31,2015-09-08 18:18:33 -0400,pouros_helmer@gmail.com,Helmer,Pouros,,2000,East Bogan College,Sophomore,"Torpport, Mongolia",Engineering,,Excepturi sit optio maxime. In odio ea facere. Ad illum eum voluptatem omnis asperiores eos et. Excepturi eius necessitatibus placeat blanditiis maiores numquam.,1,1,0,0,1,1,Windows OS,1,1,1,1,1,Sounds fine
32,2015-09-08 03:46:53 -0400,wisozk.gus@yahoo.com,Gus,Wisozk,,1998,Stamm Academy,Freshman,"Port Karsonview, Sudan",Information Systems,conflict_before,Deserunt beatae atque quae unde aliquam quia. Temporibus culpa recusandae et velit. Similique sequi rerum animi quaerat. Sit reprehenderit et neque quaerat quod minus provident.,1,1,0,0,0,0,Windows OS,1,1,1,1,1,Sounds scary
33,2015-09-05 23:41:57 -0400,rusty_lubowitz@gmail.com,Rusty,Lubowitz,,1997,East Dicki,Alumni,"Lake Jeremy, Tunisia",Marketing,,Aut est quia enim omnis minus qui non. Quaerat natus molestias aliquid aliquam. Et magni consequuntur id a. Adipisci ab earum nihil velit tenetur error. Dolore expedita voluptas nihil fuga.,1,0,0,0,0,1,Mac OS,0,0,0,0,1,Sounds fine
34,2015-09-08 09:20:12 -0400,trace_kling@gmail.com,Trace,Kling,,1999,Eastern Rhode Island Academy,Junior,"Lake Stephania, Christmas Island",Engineering,,Numquam eveniet ut delectus. Quis molestiae illo minus delectus qui. Doloremque aut est voluptatem enim autem.,1,1,1,0,0,1,Mac OS,1,1,1,1,0,Sounds scary
35,2015-09-05 22:43:02 -0400,tess_rau@gmail.com,Tess,Rau,,2000,Bruen University,Freshman,"Port Garfieldfort, Republic of Korea",Information Systems,,Veniam mollitia vel soluta ipsum. Sint nostrum tempora. Similique vero temporibus eius quo autem. Eligendi id fugiat distinctio.,1,0,0,0,0,1,Windows OS,1,1,1,1,0,Sounds scary
36,2015-09-04 11:26:15 -0400,kon_maybelle_o@yahoo.com,Maybelle,O'Kon,,2000,Western Oberbrunner Academy,Freshman,"Cierraside, Cameroon",Information Systems,,Et repellendus atque eos nam aliquid. Similique ad aut nobis voluptatem consequatur in. Aut officiis quia. Quia quod ipsam nisi neque explicabo vitae. Odit exercitationem mollitia.,1,1,0,0,0,1,Other,1,1,1,1,0,Sounds fine
37,2015-09-07 00:21:46 -0400,duane_jast@yahoo.com,Duane,Jast,Duobam,1998,Eastern Maine Academy,Alumni,"North Luciennetown, Kazakhstan",Information Systems,,Voluptatem et ea magni unde voluptatibus. Ad eos corrupti nulla. Voluptatem voluptatem aliquid cupiditate est dolorem ad veniam. Eius harum saepe quia. Ex dolorum maiores ut aut.,1,0,1,1,0,1,Mac OS,1,0,1,0,1,Sounds scary
38,2015-09-04 13:57:47 -0400,cecil_lowe@hotmail.com,Cecil,Lowe,,2000,Western Louisiana Academy,Sophomore,"Gislasonfort, Mozambique",Information Systems,,Magnam unde quisquam enim. Eius velit aliquid sint. Ea quos dolorem. Sint adipisci atque quam.,0,1,0,0,0,1,Windows OS,1,0,1,1,1,Sounds fine
39,2015-09-04 22:18:54 -0400,botsford_alivia@yahoo.com,Alivia,Botsford,,2000,Southern Bernhard,Alumni,"Katherinefurt, Montenegro",Engineering,,Reprehenderit autem qui sit doloremque et. Et nesciunt voluptatum eius. Et sed optio. Consequatur qui libero tenetur voluptatem facere.,0,1,1,0,0,1,Mac OS,1,1,0,1,1,Sounds scary
40,2015-08-31 01:59:30 -0400,tanya.kessler@gmail.com,Tanya,Kessler,,2000,East Thompson,Junior,"Prohaskaside, Seychelles",Information Systems,,In error impedit eius qui accusantium. Ut quo sint earum blanditiis nam pariatur sed. Quia unde architecto non odio tempora ea et. Inventore accusamus accusantium est ipsa harum fugit qui. Qui pariatur facere reiciendis ratione minus qui magni.,0,1,1,0,1,1,Mac OS,1,1,1,0,1,Sounds fine
41,2015-09-02 08:13:57 -0400,christ.lang@hotmail.com,Christ,Lang,Bitchip,1997,North Lang Institute,Junior,"New Karinaville, Macedonia",Engineering,,Quisquam mollitia ut voluptatem aliquid laborum. Deserunt rem voluptatem pariatur tempora voluptatem earum officia. Illo reprehenderit delectus. Porro voluptas ea aut et. Quae ut quis officia odit voluptas.,1,0,0,0,1,1,Windows OS,1,1,1,1,0,Sounds scary
42,2015-09-04 16:57:34 -0400,vonrueden_carson@hotmail.com,Carson,VonRueden,,2000,West Heathcote,Graduate,"Littleborough, Turkmenistan",Engineering,,Ut voluptatem facilis. Sed similique culpa excepturi illum. Nam atque aut eius vel.,1,0,1,1,0,1,Mac OS,1,1,0,0,1,Sounds scary
43,2015-09-05 16:59:06 -0400,marilou_leannon@gmail.com,Marilou,Leannon,,1998,Thompson Academy,Junior,"Port Aliaview, Svalbard & Jan Mayen Islands",Other,,Voluptatem dignissimos enim incidunt iusto. Omnis ullam accusamus qui est illum dolores aut. Eius molestiae dolorem et officia rerum. Qui maiores et non quod dolore. Sint voluptas amet quo aperiam.,1,0,0,1,1,1,Mac OS,0,1,0,1,1,Sounds scary
44,2015-09-03 00:32:56 -0400,treutel.idell@hotmail.com,Idell,Treutel,,1999,Collier Academy,Alumni,"Schummmouth, Belgium",Marketing,,Iste nostrum nihil possimus. Est impedit similique id accusantium. Pariatur aliquam totam fugiat minus quam ducimus magnam. Voluptatem facere ullam officia.,1,0,0,1,0,1,Windows OS,1,1,0,1,1,Sounds scary
45,2015-09-08 17:53:19 -0400,bogan.dana@hotmail.com,Dana,Bogan,,1997,South Pouros Academy,Sophomore,"Lake Melbaview, Luxembourg",Engineering,,Excepturi et odit impedit sapiente. Impedit nisi libero beatae est qui quasi iure. Veniam praesentium placeat nemo eius maxime. Fuga assumenda non impedit doloribus magni perferendis dolore. Ut praesentium qui qui beatae.,0,1,0,0,1,1,Windows OS,1,0,1,0,0,Sounds scary
46,2015-09-04 18:50:59 -0400,marvin.joaquin@yahoo.com,Joaquin,Marvin,,1997,Boyle College,Alumni,"Lake Ashleighshire, Faroe Islands",Engineering,,Enim maiores qui cumque. Ut ab vel rerum accusantium accusamus dicta. Qui omnis cumque et veniam est officia vitae.,1,1,0,0,1,1,Mac OS,1,1,1,0,1,Sounds scary
47,2015-09-03 20:19:55 -0400,fritsch.javon@gmail.com,Javon,Fritsch,,1999,The Nevada Academy,Sophomore,"West Cordie, Macao",Engineering,,Illum reprehenderit eius odit ratione et officia. Quidem non molestiae dolorem omnis nesciunt. Laboriosam optio magni quo omnis repellendus. Quia corrupti sit est quae molestias sit labore. Non eum laboriosam omnis quo et qui.,1,0,0,0,1,1,Windows OS,1,1,0,0,1,Sounds fine
48,2015-09-03 08:02:43 -0400,aufderhar_nigel@yahoo.com,Nigel,Aufderhar,,1999,East Georgia College,Graduate,"Clementinestad, Central African Republic",Engineering,,Nulla nesciunt culpa dolore ipsam eius autem. Et et magnam tempora minima. Et amet natus quo et sit architecto assumenda. Harum nihil minima qui quaerat.,1,1,0,0,0,1,Windows OS,1,0,0,1,1,Sounds scary
49,2015-09-03 21:59:03 -0400,josefina.von@gmail.com,Josefina,Von,Ronstring,1998,Schaefer College,Alumni,"Metzfurt, Israel",Engineering,,Distinctio accusantium velit libero qui. Qui sunt ut architecto illo. Modi sit omnis sequi. Sit quibusdam omnis assumenda.,1,1,1,1,0,1,Mac OS,1,1,1,0,0,Sounds scary
50,2015-09-05 21:54:53 -0400,margaret.weissnat@hotmail.com,Margaret,Weissnat,,2000,The Raynor,Junior,"South Araceli, Japan",Marketing,,Sed quo dolore. Sit fuga soluta laboriosam ullam sapiente enim est. Aspernatur inventore dolores adipisci ipsa.,1,0,0,1,0,1,Mac OS,0,1,0,1,1,Sounds fine
51,2015-09-07 07:56:39 -0400,lawrence.weber@gmail.com,Lawrence,Weber,,1998,Eastern Heidenreich University,Junior,"Lake Kieramouth, Pakistan",Finance,,Et quaerat odit quia iusto et. Amet iste voluptatem laboriosam. Id velit sunt deserunt quidem.,1,1,1,0,1,1,Windows OS,1,1,0,0,0,Sounds fine
52,2015-09-05 13:39:04 -0400,hodkiewicz_marielle@hotmail.com,Marielle,Hodkiewicz,,2000,East Kansas Academy,Graduate,"West Dylanhaven, Pakistan",Information Systems,,Modi quos consectetur sunt in temporibus. Eaque cumque eius sint dolore esse corrupti soluta. Provident est non eos atque id. Est a eius consequuntur eaque qui fugiat quos.,1,1,0,0,0,1,Mac OS,1,1,1,1,1,Sounds scary
53,2015-08-31 07:52:44 -0400,madelynn.wisozk@gmail.com,Madelynn,Wisozk,Span,2000,The Lang,Junior,"North Yvonne, Kyrgyz Republic",Engineering,,Alias laborum voluptas. Quidem eaque corrupti. Ab quisquam ut. Inventore eum velit eos earum corporis soluta quos. Alias optio quis aliquam quis qui iste.,0,0,0,0,0,1,Windows OS,1,1,1,1,1,Sounds scary
54,2015-09-08 17:16:34 -0400,jacobs.gerhard@gmail.com,Gerhard,Jacobs,Solarbreeze,1998,East Virginia College,Senior,"South Stanley, Kuwait",Engineering,,Quo est quaerat totam dolore non est. Aspernatur labore dicta. Sunt quisquam quis enim accusamus doloremque. Et qui autem.,0,1,1,0,0,1,Mac OS,1,1,1,1,0,Sounds scary
55,2015-09-02 15:04:22 -0400,reta_torp@yahoo.com,Reta,Torp,,2000,Northern New Mexico University,Freshman,"Lake Darion, United States of America",Information Systems,,Iusto rerum et enim id tempore dolores aperiam. Esse odit labore exercitationem dolorem quidem. Distinctio repellendus corrupti quia explicabo nobis quo aut.,1,1,0,0,1,0,Windows OS,0,1,0,1,1,Sounds scary
56,2015-09-02 21:15:41 -0400,rogahn.zachary@gmail.com,Zachary,Rogahn,Quo Lux,1999,West Lebsack,Senior,"Lake Pearliefurt, Gabon",Engineering,conflict_before,Accusamus et nihil animi. Laborum reprehenderit sint quos. Et quas qui aut eveniet qui vero et. Neque sunt cumque qui id amet.,0,1,0,0,0,1,Mac OS,1,1,0,1,1,Sounds scary
57,2015-09-03 17:16:57 -0400,otto_sauer@hotmail.com,Otto,Sauer,,1998,Becker Academy,Alumni,"Lake Faebury, Ghana",Engineering,,Nam nemo voluptatem deleniti quod voluptatibus. Vel neque in quisquam sint est accusamus amet. Non enim possimus eum. Quisquam eius sunt accusantium tempore molestias tenetur. Omnis sed eveniet.,1,0,0,0,0,1,Windows OS,1,1,1,1,1,Sounds scary
58,2015-09-03 20:14:02 -0400,jade.o.conner@gmail.com,Jade,O'Conner,Fintone,1998,Northern Alaska Institute,Senior,"East Myles, Samoa",Engineering,,Ut incidunt nesciunt est itaque. Quia modi unde ut. Dignissimos at minus ea ex et nobis corrupti. Ut harum aut quaerat maiores quidem eveniet.,0,0,0,0,1,1,Other,1,1,0,1,1,Sounds fine
59,2015-09-06 14:46:40 -0400,mckenzie.brianne@yahoo.com,Brianne,McKenzie,,2000,East Virginia College,Senior,"East Marco, Uganda",Marketing,,Dolorum omnis aperiam. Vel veniam error id. Provident debitis sed eum velit libero quibusdam.,1,0,1,0,0,1,Mac OS,1,0,0,0,1,Sounds scary
60,2015-09-07 23:45:14 -0400,ronaldo_schaden@hotmail.com,Ronaldo,Schaden,,1998,Southern Corwin,Sophomore,"Dooleyburgh, Ireland",Information Systems,,Et voluptatem quasi eos voluptatem. Ea aut reprehenderit architecto molestiae est. Eos unde sed.,1,1,1,1,0,1,Windows OS,1,0,1,0,0,Sounds scary
61,2015-08-31 04:51:08 -0400,jovanny.walsh@hotmail.com,Jovanny,Walsh,Kanlam,1997,South Stracke,Senior,"Kuhicton, Turkmenistan",Other,,Magni pariatur perferendis expedita dolor ab sequi. Accusamus numquam veniam qui architecto a. Quidem incidunt quia illo amet id esse.,1,1,0,0,0,1,Windows OS,1,1,1,0,1,Sounds fine
62,2015-09-05 18:58:18 -0400,lind_jackie@hotmail.com,Jackie,Lind,,1999,Northern Bechtelar Institute,Junior,"Sadiefurt, Faroe Islands",Engineering,,Ad et optio quisquam tempore dicta mollitia molestias. Vel quasi officiis sunt illum. Dolorum labore ullam vitae voluptas sit quos accusantium. Placeat qui asperiores maxime sint.,1,1,0,1,1,1,Windows OS,1,0,0,1,1,Sounds scary
63,2015-08-31 15:43:00 -0400,corkery_mikel@yahoo.com,Mikel,Corkery,,1998,West Barton,Sophomore,"New Benville, Indonesia",Engineering,,Qui ipsum qui. Reprehenderit labore corporis. Voluptatum laborum facilis sit.,0,1,0,0,0,1,Mac OS,1,1,1,1,1,Sounds scary
64,2015-09-02 19:02:45 -0400,murray.darien@gmail.com,Darien,Murray,Stringtough,1999,Western Virginia Institute,Alumni,"West Kolbybury, Sri Lanka",Other,,Dignissimos temporibus sapiente rerum illum accusamus veniam. Unde laudantium ea sed numquam voluptatum error. Magni eaque dolorem corrupti commodi.,1,1,0,0,0,1,Mac OS,1,1,1,0,1,Sounds scary
65,2015-09-03 09:46:05 -0400,briana_bernier@hotmail.com,Briana,Bernier,Sonair,1997,Southern Michigan College,Alumni,"Port Alessandrofort, Vietnam",Marketing,,Aut minus aut rerum et aut voluptatum. Pariatur excepturi nihil ab rem. Rem beatae explicabo dolorem. Omnis consectetur laudantium sapiente. Quasi quia minima ut quia.,1,1,0,0,0,1,Other,1,1,1,1,1,Sounds scary
66,2015-09-05 07:37:33 -0400,april.bins@yahoo.com,April,Bins,Cookley,1998,Southern Bailey College,Alumni,"Kemmershire, Gibraltar",Engineering,,Vitae eum voluptates aliquam possimus. Et ducimus itaque debitis cupiditate tempora architecto deleniti. Dolores placeat ipsum nihil. Repellendus doloribus est neque totam. Laudantium neque aut voluptas perferendis est ex facilis.,1,1,0,0,0,1,Windows OS,1,1,0,1,1,Sounds fine
67,2015-09-07 06:04:43 -0400,wyman.rahsaan@hotmail.com,Rahsaan,Wyman,,1999,Eastern Kentucky College,Freshman,"Lillianamouth, Vanuatu",Finance,,Minus soluta aliquam alias consequuntur ullam voluptates vel. Quibusdam et distinctio eum voluptatem ex. Vel eligendi quia perferendis ratione fugiat in. Architecto commodi atque eius maxime itaque. Vel alias explicabo consequatur iste voluptas doloremque non.,1,0,0,0,1,1,Windows OS,1,1,0,1,1,Sounds scary
68,2015-09-01 10:40:02 -0400,monserrate.skiles@gmail.com,Monserrate,Skiles,Ventosanzap,1999,Western Berge University,Sophomore,"Kohlerland, Luxembourg",Information Systems,,Quia dolor sunt. Aut enim nesciunt. Pariatur saepe suscipit porro.,1,0,0,0,0,1,Other,1,1,1,1,1,Sounds scary
69,2015-09-05 12:30:48 -0400,sauer.eldridge@gmail.com,Eldridge,Sauer,,1998,Northern Cormier,Senior,"East Aracelyberg, Guinea-Bissau",Information Systems,,Qui voluptate quasi. Sint temporibus vel. Sint maxime esse corrupti veniam. Expedita cumque voluptatum et quod.,1,1,1,0,0,1,Windows OS,1,1,0,1,1,Sounds scary
70,2015-08-31 04:59:54 -0400,margaret.kunde@yahoo.com,Margaret,Kunde,Andalax,1999,Ratke Academy,Freshman,"West Regan, Kiribati",Information Systems,,Dolores neque non itaque. Necessitatibus ipsum inventore et. Dicta natus et est ratione repellendus. Ut soluta neque exercitationem iure.,1,1,0,0,1,1,Mac OS,1,1,1,1,1,Sounds fine
71,2015-09-08 10:39:33 -0400,rolfson_domenica@yahoo.com,Domenica,Rolfson,,1998,North Hodkiewicz College,Graduate,"East Abdullah, United Arab Emirates",Information Systems,conflict_after,Ipsa eum quidem cupiditate perspiciatis. Quis veniam voluptatem. Saepe nesciunt animi labore. Pariatur officia aut commodi amet aut quia voluptas.,0,1,0,0,0,1,Windows OS,1,1,1,1,1,Sounds scary
72,2015-09-04 15:47:51 -0400,adams.bonnie@hotmail.com,Bonnie,Adams,,2000,North Baumbach Institute,Sophomore,"Maxinestad, Bangladesh",Finance,conflict_before,Quia molestiae est quo adipisci. Id atque libero delectus ea vitae sed perspiciatis. Numquam ut ipsa ad. Dolores iure quis pariatur omnis occaecati incidunt.,0,1,1,0,0,1,Windows OS,1,1,0,1,1,Sounds fine
73,2015-09-07 09:12:10 -0400,stanton_dena@gmail.com,Dena,Stanton,,1997,Southern Kreiger College,Freshman,"Weimannland, Ethiopia",Engineering,,Sequi in quam quas dolores rerum sit ea. Magni numquam sit delectus dolor ratione. Pariatur aut est velit deleniti nihil vel quos. Id quasi voluptatem et quidem soluta temporibus.,1,1,0,0,1,1,Windows OS,0,1,0,1,1,Sounds fine
74,2015-09-07 23:03:34 -0400,kautzer_casimer@hotmail.com,Casimer,Kautzer,,1997,Southern Durgan,Senior,"East Bartonville, Algeria",Engineering,,Et dicta dolore. Aut quisquam vel eveniet eos. Et harum illo. Aut distinctio quo.,1,1,1,0,0,1,Windows OS,1,1,1,1,0,Sounds scary
75,2015-09-04 09:45:06 -0400,arnulfo.pfeffer@hotmail.com,Arnulfo,Pfeffer,,2000,Thompson College,Sophomore,"North Fredabury, Spain",Information Systems,,Ipsum rerum ipsam eum aliquid. Maiores et fuga. Nihil enim doloribus.,1,0,0,0,0,1,Mac OS,0,0,1,1,1,Sounds scary
76,2015-09-08 19:53:15 -0400,weimann.lilyan@gmail.com,Lilyan,Weimann,,1998,Gleichner Academy,Senior,"Pfannerstillfurt, Bouvet Island (Bouvetoya)",Finance,,Est non ipsam et sit. Possimus eum laborum dolor corporis labore. Quia et in natus consequatur. Tempore ex voluptates quae. Quia fugiat in autem vitae.,1,1,0,0,1,1,Mac OS,1,0,0,0,1,Sounds scary
77,2015-08-31 18:06:54 -0400,madilyn_vonrueden@yahoo.com,Madilyn,VonRueden,,1997,Southern Ondricka College,Freshman,"Nolanburgh, Haiti",Information Systems,,Voluptas in est sint omnis. Modi dolorum mollitia et tenetur officiis accusantium qui. Voluptate perspiciatis et et at eaque.,1,0,0,1,0,1,Windows OS,1,1,0,1,0,Sounds scary
78,2015-09-06 14:34:36 -0400,clarissa.waelchi@yahoo.com,Clarissa,Waelchi,,2000,Hahn University,Junior,"West Allan, Togo",Engineering,,Labore id consequatur pariatur. Occaecati quod deserunt culpa aut. Id ut sit labore facilis. Quo et quis error sint aut et.,1,1,0,0,0,1,Mac OS,1,1,0,1,1,Sounds scary
79,2015-09-05 13:10:23 -0400,douglas.garrison@gmail.com,Garrison,Douglas,,2000,Stiedemann Academy,Junior,"Pollyside, Nepal",Information Systems,,Est fugiat animi cum cumque. A perspiciatis atque voluptas. Soluta dolor est iure. Dolorem corporis est laudantium. Ea et consequatur aliquam molestiae id in.,1,0,0,0,0,1,Windows OS,1,1,0,1,1,Sounds fine
80,2015-09-08 11:38:52 -0400,deckow_marcos@yahoo.com,Marcos,Deckow,Konklab,1997,Western Morar Academy,Freshman,"South Keara, Saint Lucia",Other,,Architecto quidem vel. Voluptatem et placeat perspiciatis deserunt. Iusto quasi commodi. Tempore explicabo ipsum. Ea deserunt dicta.,1,1,0,1,0,1,Mac OS,1,0,0,1,1,Sounds scary
81,2015-09-07 12:57:03 -0400,millie_herzog@hotmail.com,Millie,Herzog,Flexidy,1997,Kshlerin College,Sophomore,"Murphyport, Morocco",Information Systems,,Aut adipisci incidunt. Iusto voluptatem et. Voluptatem autem ut omnis. Sunt vel ab ipsum unde.,1,1,1,0,0,1,Windows OS,0,1,0,0,1,Sounds fine
82,2015-09-08 08:07:48 -0400,bobbie.kuphal@gmail.com,Bobbie,Kuphal,,1997,South Muller College,Senior,"West Johnnie, Belize",Finance,,Aperiam fugiat ab deleniti illum. Mollitia numquam velit in quas. Cupiditate ea eum rerum voluptatem vero aspernatur.,1,0,0,0,0,1,Windows OS,1,1,0,1,1,Sounds fine
83,2015-09-06 18:46:43 -0400,doyle_elva@gmail.com,Elva,Doyle,,2000,Terry Academy,Alumni,"Lake Rickiechester, Gibraltar",Engineering,,Autem officiis autem qui consequuntur et ut. Nihil hic nisi excepturi doloremque. Debitis consequatur at ab ut dolor. Dolorum autem rerum eos occaecati aut dolorem impedit.,0,1,0,0,0,1,Mac OS,1,0,1,0,1,Sounds scary
84,2015-09-04 08:04:32 -0400,hettinger_treva@hotmail.com,Treva,Hettinger,,1999,The Greenfelder University,Senior,"North Kody, Montenegro",Information Systems,,Eos nesciunt nihil error ut nostrum sed. Sint animi vel. Atque facilis dolor optio enim delectus.,0,1,0,1,0,1,Windows OS,1,1,0,0,0,Sounds scary
85,2015-09-06 02:31:41 -0400,brenda_upton@hotmail.com,Brenda,Upton,,1998,West Rowe,Graduate,"East Americaburgh, Mayotte",Engineering,conflict_after,Tempore placeat eligendi. Nihil numquam fugit quas earum repellendus modi. Molestiae dolore autem.,1,1,0,0,0,1,Mac OS,1,1,1,0,0,Sounds fine
86,2015-09-05 00:38:12 -0400,shaina_davis@hotmail.com,Shaina,Davis,,1998,East Gutmann Institute,Freshman,"West Viola, Cuba",Engineering,,Et non voluptas. Culpa vero quia deserunt commodi. Dignissimos dolor nihil atque consequatur sit explicabo dolorem.,1,1,1,0,1,1,Windows OS,1,1,0,0,1,Sounds scary
87,2015-09-03 19:26:37 -0400,crooks.angelina@yahoo.com,Angelina,Crooks,Alpha,2000,Gutmann Academy,Freshman,"Damionchester, Serbia",Marketing,,Sint voluptate commodi quibusdam. Aut ab architecto asperiores accusamus. Suscipit quis praesentium maiores eveniet.,0,1,1,0,0,1,Windows OS,1,1,0,1,1,Sounds fine
88,2015-09-08 03:02:45 -0400,hettinger.aaron@gmail.com,Aaron,Hettinger,Flowdesk,1999,South Indiana University,Freshman,"Klockoside, Chad",Information Systems,,Qui beatae similique eaque et quod harum aut. Ea aut aut veritatis laboriosam. Aut accusamus quia. Eum deserunt non est nihil nam totam eveniet. Aspernatur autem sit tempore odio.,0,0,1,1,1,1,Mac OS,1,0,0,0,1,Sounds scary
89,2015-09-06 10:58:12 -0400,o.eryn.connell@hotmail.com,Eryn,O'Connell,,2000,The Schmeler Institute,Senior,"South Anjaliborough, Ecuador",Information Systems,conflict_before,Tempore omnis omnis veniam. Maiores atque quibusdam quas impedit minus illo sit. Qui molestiae est doloribus blanditiis porro earum at. Et et suscipit saepe non autem. Quas aliquid ut veritatis quia voluptatem qui.,1,0,1,0,1,1,Windows OS,1,0,1,1,1,Sounds scary
90,2015-09-03 09:41:01 -0400,davon_padberg@gmail.com,Davon,Padberg,Greenlam,1997,Western Pouros,Sophomore,"Bernhardtown, Japan",Information Systems,,Maxime qui similique rerum vel dolores. Non autem ad nisi rerum vel. Temporibus ut qui commodi magni voluptatem. Dolorem minus illo architecto.,1,1,0,0,0,1,Mac OS,1,1,0,1,0,Sounds scary
91,2015-08-31 14:17:29 -0400,tyrel_paucek@yahoo.com,Tyrel,Paucek,,1998,Southern Bauch University,Sophomore,"Morarview, British Indian Ocean Territory (Chagos Archipelago)",Information Systems,,Sapiente voluptatum sit. Commodi eligendi iusto nihil ab. Distinctio qui consequuntur dolorem aut soluta officia dolorum. Ipsam voluptatem amet necessitatibus. Aut impedit corrupti sit repudiandae.,0,1,1,0,1,1,Mac OS,0,1,1,1,0,Sounds scary
92,2015-09-04 05:09:35 -0400,gorczany_lester@gmail.com,Lester,Gorczany,,1997,Western O'Connell Academy,Freshman,"South Florenceshire, Saint Barthelemy",Information Systems,,Odio quo maxime nihil vel delectus sed rerum. Nihil vel iure ipsam voluptatum cupiditate. Enim animi velit vel cumque. Occaecati sit exercitationem quidem earum in in velit. Vel doloribus ut vero nesciunt.,0,1,0,1,0,1,Mac OS,1,1,0,1,1,Sounds scary
93,2015-09-03 05:41:42 -0400,ryan_cordie@yahoo.com,Cordie,Ryan,Overhold,1999,The Durgan,Sophomore,"Port Frieda, Kazakhstan",Information Systems,,Quasi corrupti impedit fugiat quibusdam. Voluptatum error vel. Ipsam laborum rerum nihil et iure. Saepe ut in accusamus totam.,0,1,0,1,0,1,Windows OS,1,1,0,0,0,Sounds scary
94,2015-08-31 22:35:13 -0400,abernathy.stone@yahoo.com,Stone,Abernathy,Greenlam,1998,Dare Academy,Senior,"North Alessandroburgh, Panama",Marketing,,A odio excepturi ea pariatur dolor ex officiis. Dolorem ducimus quod provident ut ut voluptatem qui. Dolores eum et repellat id. Debitis voluptate assumenda.,1,1,1,0,0,1,Mac OS,1,0,1,1,0,Sounds scary
95,2015-09-06 02:26:16 -0400,john.stoltenberg@gmail.com,John,Stoltenberg,,2000,Pfannerstill Institute,Freshman,"South Addie, Suriname",Engineering,,Iste ut commodi eaque voluptatem id. Aut modi voluptate non. Blanditiis vel molestias sunt accusamus.,1,1,0,0,1,1,Windows OS,0,0,0,0,1,Sounds scary
96,2015-09-05 03:52:34 -0400,vonrueden_mateo@hotmail.com,Mateo,VonRueden,Y-Solowarm,2000,West Hirthe,Freshman,"Feeneyhaven, Niue",Finance,,Iure aut sit molestiae cum incidunt. Beatae repudiandae sunt accusamus ea. Quae doloribus non dicta similique fuga. Suscipit explicabo eligendi corrupti dolores.,1,1,0,0,0,1,Mac OS,1,1,0,1,1,Sounds fine
97,2015-09-04 05:47:04 -0400,cayla_feil@yahoo.com,Cayla,Feil,,1998,North Wolff University,Sophomore,"Ashtonfurt, Bulgaria",Marketing,,Et tempore accusamus nobis dolorem eius. Laborum et et quidem. Similique et commodi et dolores ratione consectetur maxime. Voluptates saepe consequuntur inventore illo placeat delectus ab. Ea veritatis eos aut laborum.,1,1,1,1,0,1,Windows OS,1,1,1,1,1,Sounds scary
98,2015-09-04 18:24:50 -0400,lance.russel@yahoo.com,Lance,Russel,,1997,The Cassin University,Graduate,"Rudolphmouth, Sudan",Other,conflict_before,Totam fugit sapiente ullam. Neque molestias repellendus assumenda fugit consequatur quibusdam qui. Dolorem cupiditate occaecati et labore doloremque. Ut perspiciatis incidunt voluptatum dolore modi ducimus.,1,1,0,0,0,1,Other,1,1,1,0,0,Sounds fine
99,2015-09-08 12:41:20 -0400,upton_trent@gmail.com,Trent,Upton,,2000,Schumm College,Freshman,"North Fridaberg, Pakistan",Engineering,,Voluptatibus expedita iure quis impedit perferendis et esse. Quae optio harum voluptas illum laudantium et impedit. Autem quas illo at iusto. Est maiores deserunt eos est occaecati et aut. Voluptas nulla eaque modi.,1,1,0,0,0,1,Mac OS,1,1,0,1,1,Sounds scary
